arquivo,mixkit_id,titulo,fonte,url_item,licenca,url_licenca
whoosh_suave_1461.wav,1461,"Cinematic wind swoosh",Mixkit,https://mixkit.co/free-sound-effects/,Mixkit Sound Effects Free License (uso comercial sem atribuicao),https://mixkit.co/license/#sfxFree
whoosh_grave_3205.wav,3205,"Fast air sweep transition",Mixkit,https://mixkit.co/free-sound-effects/,Mixkit Sound Effects Free License (uso comercial sem atribuicao),https://mixkit.co/license/#sfxFree
whoosh_card_1489.wav,1489,"Air woosh",Mixkit,https://mixkit.co/free-sound-effects/,Mixkit Sound Effects Free License (uso comercial sem atribuicao),https://mixkit.co/license/#sfxFree
swish_2161.wav,2161,"Air in a hit",Mixkit,https://mixkit.co/free-sound-effects/,Mixkit Sound Effects Free License (uso comercial sem atribuicao),https://mixkit.co/license/#sfxFree
swish_2166.wav,2166,"Fairy spell swish",Mixkit,https://mixkit.co/free-sound-effects/,Mixkit Sound Effects Free License (uso comercial sem atribuicao),https://mixkit.co/license/#sfxFree
riser_790.wav,790,"Cinematic trailer riser",Mixkit,https://mixkit.co/free-sound-effects/,Mixkit Sound Effects Free License (uso comercial sem atribuicao),https://mixkit.co/license/#sfxFree
impacto_grave_2655.wav,2655,"Quick zoom impact",Mixkit,https://mixkit.co/free-sound-effects/,Mixkit Sound Effects Free License (uso comercial sem atribuicao),https://mixkit.co/license/#sfxFree
pop_2925.wav,2925,"Dry pop up notification alert",Mixkit,https://mixkit.co/free-sound-effects/,Mixkit Sound Effects Free License (uso comercial sem atribuicao),https://mixkit.co/license/#sfxFree
pop_2358.wav,2358,"Long pop",Mixkit,https://mixkit.co/free-sound-effects/,Mixkit Sound Effects Free License (uso comercial sem atribuicao),https://mixkit.co/license/#sfxFree
brilho_2988.wav,2988,"Magic wand sparkle",Mixkit,https://mixkit.co/free-sound-effects/,Mixkit Sound Effects Free License (uso comercial sem atribuicao),https://mixkit.co/license/#sfxFree
brilho_harpa_2342.wav,2342,"Relaxing harp sweep",Mixkit,https://mixkit.co/free-sound-effects/,Mixkit Sound Effects Free License (uso comercial sem atribuicao),https://mixkit.co/license/#sfxFree
foley_agua_158.wav,158,"Pouring water",Mixkit,https://mixkit.co/free-sound-effects/,Mixkit Sound Effects Free License (uso comercial sem atribuicao),https://mixkit.co/license/#sfxFree
